TotalTrucks,TotalDrones,Method,SuccessfulNoBottlenecks_Count,SuccessfulNoBottlenecks_UniqueDrones,SuccessfulNoBottlenecks_AvoidanceManeuvers,SuccessfulNoBottlenecks_FlightTime,SuccessfulNoBottlenecks_FlightTimeInProximity,SuccessfulNoBottlenecks_FlightTimeHorizontal,SuccessfulNoBottlenecks_FlightTimeHorizontalProximity,SuccessfulNoBottlenecks_FlightTimeVertical,SuccessfulNoBottlenecks_FlightTimeVerticalProximity,SuccessfulBottlenecks_Count,SuccessfulBottlenecks_UniqueDrones,SuccessfulBottlenecks_AvoidanceManeuvers,SuccessfulBottlenecks_FlightTime,SuccessfulBottlenecks_FlightTimeInProximity,SuccessfulBottlenecks_FlightTimeHorizontal,SuccessfulBottlenecks_FlightTimeHorizontalProximity,SuccessfulBottlenecks_FlightTimeVertical,SuccessfulBottlenecks_FlightTimeVerticalProximity,UnsuccessfulNoBottlenecks_Count,UnsuccessfulNoBottlenecks_UniqueDrones,UnsuccessfulNoBottlenecks_AvoidanceManeuvers,UnsuccessfulNoBottlenecks_FlightTime,UnsuccessfulNoBottlenecks_FlightTimeInProximity,UnsuccessfulNoBottlenecks_FlightTimeHorizontal,UnsuccessfulNoBottlenecks_FlightTimeHorizontalProximity,UnsuccessfulNoBottlenecks_FlightTimeVertical,UnsuccessfulNoBottlenecks_FlightTimeVerticalProximity,UnsuccessfulBottlenecks_Count,UnsuccessfulBottlenecks_UniqueDrones,UnsuccessfulBottlenecks_AvoidanceManeuvers,UnsuccessfulBottlenecks_FlightTime,UnsuccessfulBottlenecks_FlightTimeInProximity,UnsuccessfulBottlenecks_FlightTimeHorizontal,UnsuccessfulBottlenecks_FlightTimeHorizontalProximity,UnsuccessfulBottlenecks_FlightTimeVertical,UnsuccessfulBottlenecks_FlightTimeVerticalProximity,SuccessfulNoBottlenecks_AverageUniqueDroneEncounter,SuccessfulNoBottlenecks_AverageAvoidanceManeuvers,SuccessfulNoBottlenecks_PercentageTimeHorizontalProximity,SuccessfulNoBottlenecks_PercentageTimeVerticalProximity,SuccessfulBottlenecks_AverageUniqueDroneEncounter,SuccessfulBottlenecks_AverageAvoidanceManeuvers,SuccessfulBottlenecks_PercentageTimeHorizontalProximity,SuccessfulBottlenecks_PercentageTimeVerticalProximity,UnsuccessfulNoBottlenecks_AverageUniqueDroneEncounter,UnsuccessfulNoBottlenecks_AverageAvoidanceManeuvers,UnsuccessfulNoBottlenecks_PercentageTimeHorizontalProximity,UnsuccessfulNoBottlenecks_PercentageTimeVerticalProximity,UnsuccessfulBottlenecks_AverageUniqueDroneEncounter,UnsuccessfulBottlenecks_AverageAvoidanceManeuvers,UnsuccessfulBottlenecks_PercentageTimeHorizontalProximity,UnsuccessfulBottlenecks_PercentageTimeVerticalProximity,SuccessfulNoBottlenecks_Percentage,SuccessfulBottlenecks_Percentage,UnsuccessfulNoBottlenecks_Percentage,UnsuccessfulBottlenecks_Percentage
20,100,KMeans,95.26666666666667,225.65333333333334,16525.506666666668,5503.54636,1423.2266466666667,1963.01692,347.041968,1248.0961066666666,435.7037173333333,1.4666666666666666,6.733333333333333,7577.893333333333,130.32622546666664,75.42937586666667,27.722200213333334,6.4184019653333335,66.36072946666665,55.56571126666667,0.013333333333333334,0.08,1841.24,6.711758666666666,6.319441333333334,0.1616012,0.08319993333333334,6.3037160000000005,6.2362866666666665,3.2533333333333334,19.186666666666667,389995.1066666667,1755.1347266666664,1593.2846808,62.21391317333334,15.080541213333333,1641.3062559999998,1569.04183648,2.368958747590163,173.5339924180511,6.320745950751066,34.9037719067124,3.772609819121447,4726.685917312661,5.308096277073886,70.66670269711334,6.0,138093.0,1.239614495475503,98.93032406070746,4.9331305599162745,90407.0943070818,0.7812946020246702,88.23997915589413,95.26666666666667,1.4666666666666666,0.013333333333333334,3.2533333333333334
20,100,Random,98.26666666666667,688.28,56598.86666666667,14724.208666666666,4196.982866666667,10925.666413333334,2824.2194400000003,1295.0219733333333,502.08754266666665,0.8533333333333334,6.44,1325.6266666666668,120.65753373333332,42.61333586666667,74.33997973333334,20.579049133333335,23.115626,13.811873706666665,0.0,0.0,0.0,0.0,0.0,0.0,0.0,0.0,0.0,0.88,8.506666666666666,66507.2,495.7732986666667,394.5912525333333,90.14386053333332,21.075029066666666,390.8892506666666,372.0639244,7.002114359158537,575.3839718417331,19.13362530685728,38.7535177180251,7.1375,1325.3052083333332,17.17648896652578,63.27722417242293,,,,,9.176923076923076,62156.39230769231,4.693917611847358,84.24661051172146,98.26666666666667,0.8533333333333334,0.0,0.88
20,150,KMeans,143.94666666666666,381.16,26968.32,8586.7106,2292.4006266666665,3105.367693333333,632.6948893333333,1890.9894266666665,710.407584,1.88,9.28,11917.44,178.882,102.0303952,43.97888441333333,9.978956986666667,85.84325173333333,71.45181801333334,0.0,0.0,0.0,0.0,0.0,0.0,0.0,0.0,0.0,4.173333333333333,33.346666666666664,651277.7466666667,2157.5318853333333,2004.89052,76.05726879999999,20.414933066666666,2013.1622679999998,1969.4572426666664,2.6505550345550506,187.56475519443086,7.372752070715972,37.59847145245201,4.153829107400536,7235.117314299458,5.61615051984615,66.79835548718724,,,,,6.75042254042254,129747.83075134741,0.8816242265318021,97.87647663268646,95.96444444444444,1.2533333333333334,0.0,2.7822222222222224
20,150,Random,146.16,1879.56,146949.4,22923.585066666667,8998.226346666666,17105.73213333333,6235.884573333333,1965.0664133333332,1000.9672453333333,2.08,28.346666666666668,11457.706666666667,356.5136902666667,172.6076372,220.90188093333336,79.2132548,81.88474959999999,68.15744836,0.0,0.0,0.0,0.0,0.0,0.0,0.0,0.0,0.0,1.76,31.066666666666666,197299.45333333334,946.1289733333333,792.1779613333333,196.09527066666666,75.5299864,720.504416,709.2319653333334,12.854641870432758,1004.6758480069284,27.171222021804798,50.93344968973985,13.715889212827989,5336.250583090378,25.13225933178697,73.56099966629787,,,,,16.700355054302424,100307.92379908104,7.873385506075477,98.43299906835716,97.44,1.386666666666667,0.0,1.1733333333333333
20,200,KMeans,191.78666666666666,532.1466666666666,37939.09333333333,11625.077853333334,3126.73876,4247.299453333334,926.7731839999999,2525.258586666667,989.1881279999999,2.92,22.64,47860.24,330.5618608,212.3255928,69.89643416,15.962954053333332,186.74784773333332,165.61016419999999,0.10666666666666667,1.7866666666666666,17060.02666666667,34.48066,31.576769333333335,1.6568176,0.7421332533333334,31.157146666666666,30.72926,5.1866666666666665,62.50666666666667,932292.8666666667,2462.739441333333,2250.751158,105.19423998666666,29.22134732,2273.185834666667,2203.8767114666666,2.7753753320906243,198.1597971024657,7.975974776949155,39.15536982846503,6.076235425299597,13204.681364012546,5.71340838567484,74.00514201709501,17.599999999999998,136242.33333333334,2.715900669900917,98.46472785860813,10.106581095596132,149425.01238332846,1.1100707280642568,93.43188699939633,95.89333333333333,1.46,0.05333333333333334,2.5933333333333333
20,200,Random,192.84,3602.4266666666667,263302.38666666666,30926.511866666668,14426.82,23169.120933333335,10279.341786666666,2616.819946666667,1512.8991199999998,4.36,86.34666666666666,31252.146666666667,776.4695488,416.50701000000004,505.09139919999996,225.84253906666666,158.4589564,132.17198122666667,0.0,0.0,0.0,0.0,0.0,0.0,0.0,0.0,0.0,2.8,66.86666666666666,388219.4533333333,1438.9941319999998,1201.6034613333334,326.8602666666667,147.555264,1065.32566,1039.3326244,18.690250891781176,1366.3419683657116,33.23042851440908,57.83534338958348,19.381522499059813,5403.980318313527,28.672541942042677,75.02561769094885,,,,,24.19945299145299,123276.60764346764,10.77877101581229,94.52332576799343,96.42,2.18,0.0,1.4
20,250,KMeans,241.0,678.2266666666667,48355.013333333336,14642.193066666667,3983.9153199999996,5367.176413333333,1224.6027866666666,3172.495373333333,1280.4007066666666,3.24,23.066666666666666,40286.76,352.8063373333334,221.5281164,77.59048652,18.668020826666666,190.27849053333333,166.61395384,0.17333333333333334,0.6666666666666666,4704.24,12.160547333333334,9.156978800000001,1.3578750533333335,0.6554661466666666,8.61233912,8.016374213333334,5.52,77.08,1041254.9866666667,2498.7062226666667,2292.1929221333335,116.72324213333333,33.36375612,2290.656981333333,2238.899961,2.814898735786886,200.72975236327247,8.367560156116005,40.35951293386856,5.951749216966609,11822.696488957903,6.159678776202358,73.82410432572742,5.333333333333333,44009.02083333333,9.230395951894991,69.18824258514357,10.666088078588079,139491.34139702778,1.1874359415720026,88.85955979812081,96.4,1.296,0.06933333333333333,2.2079999999999997
20,250,Random,245.64,5536.373333333333,374286.73333333334,39825.809199999996,19757.03,29987.3072,14406.070133333333,3328.13976,2020.7360800000001,2.8933333333333335,72.18666666666667,23555.64,525.624192,306.06819893333335,339.33343146666664,170.76724453333333,111.09284733333334,95.43585545333333,0.05333333333333334,1.1733333333333333,9728.573333333334,23.817533333333333,19.346893333333334,4.861805333333334,1.677624,18.039346666666667,17.613706666666666,1.4133333333333333,37.57333333333333,215482.38666666666,686.280576,571.7295453333332,159.02553733333335,71.098774,503.682608,494.1437493333333,22.533335970614456,1523.727919071483,36.16053206012055,60.71001576118206,23.88203032192394,6384.709709203326,33.292589904642966,75.19178967442728,22.0,182410.75,7.043651315697399,97.64049104513023,25.812056577681577,130223.19285864598,10.224628376931758,98.13776337103593,98.256,1.1573333333333333,0.021333333333333336,0.5653333333333334
20,300,KMeans,283.6933333333333,803.4533333333334,59674.333333333336,17526.084933333335,4657.909986666667,6480.37408,1488.8894666666667,3737.200973333333,1512.93448,5.466666666666667,53.86666666666667,142567.98666666666,734.5536121333333,517.1462689333333,130.48029930666667,33.0605592,460.88273293333333,424.1504711733333,1.2266666666666666,14.653333333333334,42914.88,92.970168,71.34819666666667,13.522520533333333,6.468004466666667,65.34938265333334,61.52322168,8.24,132.58666666666667,1593661.7733333334,3564.8725373333336,3290.9500101333333,158.87625444,51.78244769333333,3271.2582493333334,3207.3028284,2.833627369538248,211.6608045172329,8.490931700796411,40.5066092716352,8.298647489634234,24388.711847260533,5.660546509488041,78.6093558863025,7.3875,23521.19196127946,12.467366661364723,69.53532571207722,13.161979167303526,152208.0491074477,1.5008287852335689,91.7466680656651,94.56444444444445,1.8222222222222224,0.4088888888888889,2.7466666666666666
20,300,Random,294.72,7479.253333333333,477204.0266666667,48082.425200000005,24776.240933333334,36268.3276,18270.603466666667,3971.146693333333,2516.8471866666664,2.5733333333333333,75.53333333333333,32672.48,508.4098133333333,312.61639,304.0057134666667,152.320268,137.16691613333333,124.05299851999999,0.013333333333333334,0.4,2192.3733333333334,6.220828,4.534821333333333,1.815364,0.49200866666666665,4.169689333333333,4.043092,2.6933333333333334,93.68,412092.12,1217.9155493333333,1002.2566946666666,326.97549333333336,163.17205853333334,845.308964,823.8992840000001,25.381411835250503,1619.924502966352,37.98833622016469,63.376847125911965,28.482355196103484,9019.03191507535,33.87669061628317,79.43261160065029,30.0,164428.0,7.9090543359608505,96.96386653266255,35.68860544217687,122309.67408266338,12.675372977873824,92.16298935243121,98.24,0.8577777777777779,0.004444444444444445,0.8977777777777777
25,100,KMeans,95.09333333333333,204.68,14567.253333333334,5211.44092,1393.708308,1678.5789733333334,308.604516,1245.02996,417.69149733333336,1.7466666666666666,6.306666666666667,5698.093333333333,138.1253184,78.9059544,28.521679626666664,7.583739773333334,67.0325072,52.96705036,0.0,0.0,0.0,0.0,0.0,0.0,0.0,0.0,0.0,3.1733333333333333,14.68,309190.13333333336,1743.5506786666667,1564.8423817333332,48.88299685333333,11.953063346666665,1644.195372,1540.1290408533334,2.1528712226641815,153.27062374686048,5.947089895624848,33.549580715764996,3.3678571428571424,3336.184977324263,5.651598994186918,69.14296804138091,,,,,3.711789156470007,72120.73994492505,0.5971385454467789,88.01219575210642,95.09333333333333,1.7466666666666666,0.0,3.1733333333333333
25,100,Random,97.93333333333334,613.1466666666666,47338.18666666667,14287.460933333334,3853.7771866666667,10515.270413333334,2622.2157333333334,1283.8482266666667,457.73391200000003,0.84,5.426666666666667,1412.0,117.02140386666666,43.18004053333333,70.51740053333333,18.713872893333335,24.025778933333335,16.939765559999998,0.0,0.0,0.0,0.0,0.0,0.0,0.0,0.0,0.0,1.2266666666666666,9.6,71702.98666666666,700.5624533333333,571.2586973333333,126.574568,31.07188066666667,553.6859293333333,536.5835586666667,6.25927016086287,482.76956578457396,18.299851683595463,35.62889592567965,5.95,1336.7057291666667,15.522099203689441,64.04496338527748,,,,,7.869306418219462,56466.040890269156,4.502765778006224,96.5635727158929,97.93333333333334,0.84,0.0,1.2266666666666666
25,150,KMeans,144.2,364.52,26153.786666666667,8280.300693333334,2351.0653466666668,2729.5003066666663,581.4371386666667,1896.7274,715.0224906666667,1.88,9.84,20490.066666666666,210.84307493333333,141.3920952,34.76952502666667,7.885335493333334,125.85250640000001,111.41404979999999,0.0,0.0,0.0,0.0,0.0,0.0,0.0,0.0,0.0,3.92,25.453333333333333,488597.1066666667,2085.737897333333,1924.8786073333335,66.62244564000001,17.70640216,1954.5904013333334,1892.3485388533334,2.5289779955710965,181.69992684686076,7.022724045241854,37.704807964880835,4.339903499278499,7839.958315295816,5.197708327534493,71.54229654840474,,,,,5.462745113964626,96886.7923017362,0.7875643930349152,91.04374825482978,96.13333333333334,1.2533333333333334,0.0,2.6133333333333333
25,150,Random,146.69333333333333,1627.5866666666666,129892.90666666666,22564.81826666667,8667.214853333335,16760.927200000002,6011.682786666666,1959.62772,963.848788,2.026666666666667,21.52,5284.133333333333,308.74962039999997,131.42544386666665,198.48440226666665,65.25678626666667,56.54546786666667,42.19965534666667,0.0,0.0,0.0,0.0,0.0,0.0,0.0,0.0,0.0,1.28,17.506666666666668,109635.73333333334,711.5534293333334,574.8687157333334,151.17945573333333,50.5720692,539.2492639999999,518.5355590666667,11.095687958432158,885.3643688221099,26.612950443593515,49.18918911335508,10.603084415584416,2266.24347041847,21.968736052486438,69.10372633193869,,,,,12.939234449760766,74808.24633173842,6.94377635239389,88.96293008438109,97.79555555555557,1.3511111111111112,0.0,0.8533333333333334
25,200,KMeans,192.14666666666668,518.1733333333333,36243.89333333333,11124.959253333334,3210.69484,3712.1876266666663,871.5549853333333,2524.262333333333,987.6695533333333,2.7066666666666666,14.866666666666667,14413.626666666667,232.07193013333332,129.1931296,52.10496372,13.120531666666666,107.934584,84.94917372,0.0,0.0,0.0,0.0,0.0,0.0,0.0,0.0,0.0,5.1466666666666665,44.61333333333334,841940.5066666667,2611.8620186666667,2409.4614174666667,79.68305934666667,24.69626104,2448.53138,2364.4884664,2.6976384336344297,188.67039787822034,7.832473892267091,39.12066269842458,4.679680526192154,4145.182349659385,5.984552230744213,66.13194679862862,,,,,7.0590816928821445,132044.70273108632,0.8988450434838305,89.52291485438273,96.07333333333334,1.3533333333333333,0.0,2.5733333333333333
25,200,Random,195.72,3391.6666666666665,258548.58666666667,31034.81906666667,14667.029066666666,23192.964266666666,10495.349693333334,2642.1592533333333,1515.36492,2.933333333333333,52.04,21689.92,515.9572556,292.07343253333335,314.2356006666667,144.10427982666667,126.25157946666667,109.08736321333333,0.0,0.0,0.0,0.0,0.0,0.0,0.0,0.0,0.0,1.3466666666666667,27.626666666666665,141589.54666666666,721.485536,593.7965813333334,150.66019333333332,61.712037200000005,548.402528,526.2542343466666,17.327417970463443,1320.9159272492582,33.80138828833391,57.33284772786946,17.38255549565073,6136.242111327826,29.290550204171,74.31227548713278,,,,,21.284940476190478,81885.12660714285,9.597369801244517,88.82850101392545,97.86,1.4666666666666666,0.0,0.6733333333333333
25,250,KMeans,238.76,654.9733333333334,46212.81333333333,13923.045733333332,4027.7539466666663,4636.1960266666665,1156.8235746666667,3138.20676,1258.5711066666665,3.1066666666666665,25.453333333333333,86789.98666666666,426.62228013333333,314.52610066666665,63.73396245333333,16.307742013333332,282.92585426666665,261.19194656,0.25333333333333335,3.933333333333333,16559.946666666667,39.38876933333333,34.76302226666667,2.5392172266666666,1.4392000666666667,33.402247466666665,32.51909846666667,7.76,97.66666666666667,1440292.2533333334,3629.8578346666663,3377.3457778666666,137.15029802666666,45.65630348,3364.3819293333336,3302.066128133333,2.7430936720493593,193.64668234112574,8.308651973161293,40.10477644437461,6.67327892015392,26731.617891714766,4.776509527596284,77.60157189541086,12.211309523809524,86174.92261904762,5.703876436485507,88.96655354734483,10.52878515927469,156350.92047362874,1.1761011729328426,92.36326417349596,95.504,1.2426666666666668,0.10133333333333333,3.104
25,250,Random,243.36,5380.1466666666665,373522.70666666667,38761.76533333333,19916.62746666667,28980.5272,14398.027600000001,3294.7276133333335,2025.7255333333335,4.1466666666666665,94.54666666666667,26997.626666666667,705.7632917333333,410.448052,453.9692730666667,228.19755666666663,142.29465933333333,119.92144093333333,0.013333333333333334,0.24,92.85333333333334,5.637416,1.0533168000000002,0.40294,0.3493388,4.988705333333333,0.6104114666666667,2.48,66.13333333333334,335562.17333333334,1271.1422666666667,1073.4002826666667,297.3435866666667,148.14789599999997,932.7347480000001,911.0389995999999,22.112160117925352,1534.685117615451,37.12244114298871,61.4907242052259,22.832478823858132,5784.073412459188,32.88286443858661,78.57321969335365,18.0,6964.0,6.196789451053462,12.235869346462367,26.152607709750566,117184.95189909298,11.881851965345806,94.39950600928663,97.34400000000001,1.6586666666666667,0.005333333333333334,0.9920000000000001
25,300,KMeans,288.16,804.2,56918.64,16983.976533333334,4878.121306666667,5748.631973333333,1459.7070800000001,3790.179653333333,1536.3820400000002,3.8666666666666667,33.44,85157.38666666667,497.92607399999997,354.73582973333333,83.30861432,23.233095613333333,310.7741385333333,284.52027126666667,0.28,4.013333333333334,15841.24,29.42103293333333,25.794079200000002,2.3757468266666666,1.5197342666666667,23.067518266666667,22.336650466666665,7.626666666666667,101.4,1454969.1866666668,3509.4342173333334,3259.532905066667,126.17675178666667,45.79123705333333,3257.7478773333332,3179.4173305333334,2.7906852135797724,197.76553781486857,8.596178477240056,40.53337541802045,7.3383293573784,18855.285611589035,4.970874563143188,78.2180330505986,12.072916666666666,69929.68601190476,7.033349904179335,82.34837515028003,11.058745144438635,152574.9316380252,1.234875036127883,93.86549957709413,96.05333333333333,1.288888888888889,0.09333333333333335,2.5422222222222226
25,300,Random,294.6533333333333,7788.506666666667,516833.3466666667,47610.74746666667,26133.47333333333,35771.183066666665,19262.155199999997,3978.01324,2568.6248133333333,3.52,105.13333333333334,24527.933333333334,619.364654,389.78480733333333,406.2108730666667,227.59187733333334,123.9218628,108.82619653333334,0.0,0.0,0.0,0.0,0.0,0.0,0.0,0.0,0.0,1.8266666666666667,70.42666666666666,293885.1066666667,906.581924,762.8175293333334,233.92910133333334,127.00513880000001,641.7417266666668,626.4784013333334,26.43905108262405,1754.2692898363573,40.45319914212505,64.57260705118478,28.243656591424447,4867.2006821368905,37.70734088743851,79.61359131026731,,,,,38.404761904761905,134389.4107142857,14.61000411916294,88.69872907598175,98.21777777777777,1.1733333333333333,0.0,0.6088888888888888
30,100,KMeans,96.45333333333333,185.53333333333333,12914.786666666667,5138.476266666667,1358.9900906666667,1497.0416133333333,269.101268,1258.69564,402.081124,0.84,2.72,1010.1733333333333,58.166742666666664,28.192934666666666,13.784705253333335,3.4666683733333334,22.646439066666666,15.467899226666665,0.0,0.0,0.0,0.0,0.0,0.0,0.0,0.0,0.0,2.7066666666666666,9.946666666666667,224185.93333333332,1510.7113546666667,1403.9108902666667,37.49373844,8.836530516,1429.4353093333332,1382.3705235999998,1.924585472978865,134.00942770198154,5.249197254070694,31.95884320700882,2.8609126984126982,979.4916666666667,5.833247426394348,65.12453222573977,,,,,3.15261544011544,68356.22618145743,0.5437561808452736,94.97083638489921,96.45333333333333,0.84,0.0,2.7066666666666666
30,100,Random,98.30666666666667,548.96,40726.0,13856.3396,3429.5847999999996,10089.385706666666,2309.9213733333336,1284.72812,415.02230933333334,0.8666666666666667,4.866666666666666,1376.64,116.24212333333334,41.25242866666667,68.3243772,16.891321333333334,24.7552824,17.71789788,0.0,0.0,0.0,0.0,0.0,0.0,0.0,0.0,0.0,0.8266666666666667,5.693333333333333,35886.8,478.15174666666667,376.2030712,78.03684493333334,15.854534666666666,386.35887333333335,358.31932413333334,5.586237685365932,414.31141145859897,16.64366397113551,32.31141699280052,5.3563063063063066,1310.3707207207208,13.272543849662856,63.06942741178963,,,,,6.564404761904763,38148.56988095238,3.0356010620240763,83.71001919438777,98.30666666666667,0.8666666666666667,0.0,0.8266666666666667
30,150,KMeans,143.41333333333333,337.04,23643.97333333333,7918.073426666667,2341.446053333333,2363.8774,526.8464186666666,1880.9470666666666,695.9867773333334,2.2533333333333334,9.933333333333334,13949.666666666666,194.56562573333335,117.34454186666667,38.19274613333334,10.283735969333334,97.08800813333333,80.0750666,0.0,0.0,0.0,0.0,0.0,0.0,0.0,0.0,0.0,4.333333333333333,24.653333333333332,509228.32,2326.9890293333333,2116.9927078666665,65.04102535999999,17.892794010666666,2189.9027826666666,2078.883802133333,2.3498750757790585,164.7863536477159,6.651804381733889,36.99664028075084,4.135508524397413,6300.335870302537,5.748433568662655,70.70989992226917,,,,,4.683774772236311,88211.24353925987,0.6709942470222467,86.56914680209778,95.6088888888889,1.5022222222222223,0.0,2.8888888888888893
30,150,Random,146.98666666666668,1438.4533333333334,114803.69333333333,22184.457733333333,8211.63732,16397.152266666664,5724.174893333334,1946.66848,904.7086053333333,1.2133333333333334,10.933333333333334,2503.2266666666665,184.8484174666667,79.50956586666668,116.26020773333333,39.76746916,35.90464866666667,27.167074200000002,0.05333333333333334,0.9333333333333333,2232.6,30.925511999999998,14.200573066666665,18.086927999999997,2.736319066666667,12.022850933333332,11.194394599999999,1.7466666666666666,21.12,129972.14666666667,982.817336,800.4389888000001,190.51999853333334,64.6625452,763.6314893333333,727.7437470266666,9.786297294533561,781.3125247401882,25.786126453169274,46.46733960493839,9.194047619047618,1918.0876984126985,22.672208946389397,67.55275958339983,19.0,55538.666666666664,9.344511882190414,69.81875135038699,11.818629749879749,63988.57803180616,6.814870070189854,85.95923469483495,97.99111111111111,0.808888888888889,0.03555555555555556,1.1644444444444446
30,200,KMeans,190.57333333333332,484.93333333333334,34235.653333333335,10688.40168,3243.7273733333336,3276.5066,785.5755493333334,2502.31188,981.0415453333334,3.2266666666666666,16.973333333333333,24862.08,309.4581944,190.54598626666666,57.40474381066667,14.552803801333333,167.15656733333333,138.50065834666668,0.013333333333333334,0.05333333333333334,938.7066666666667,6.666184,6.644329333333333,0.055466626666666664,0.043199973333333336,6.376476,6.366881333333334,6.1866666666666665,49.666666666666664,940912.6933333334,3173.6798506666664,2949.671319066667,90.58233161333334,30.52319633333333,2981.031856,2890.3824564933334,2.5450082843547865,179.77794297065424,7.344453828903597,39.21024171736467,4.540254777274008,6735.874526355055,5.0978710239787794,70.81665049301074,4.0,70403.0,0.6480465185679444,99.84953026300629,6.758005241040579,114665.89208454713,0.9358069448450402,86.29746366464819,95.28666666666666,1.6133333333333333,0.006666666666666667,3.0933333333333333
30,200,Random,194.92,2957.24,224828.78666666665,30435.44266666667,13932.971466666666,22656.456133333333,9955.803133333333,2608.6918533333333,1434.8848533333332,2.8666666666666667,42.053333333333335,13302.226666666667,482.28780479999995,238.76494466666665,303.03087826666666,119.4368732,103.8112528,82.03337898666666,0.0,0.0,0.0,0.0,0.0,0.0,0.0,0.0,0.0,2.2133333333333334,37.74666666666667,211348.16,1204.8889186666668,996.9028653333335,228.7549853333333,97.06862274666666,939.2126199999999,890.0038646666667,15.179100107588802,1153.9711278385726,32.70707439240872,55.0037680549131,14.095593149540518,3836.709878863826,25.272216724796454,72.37779916065841,,,,,16.647388632872506,77963.11651305683,7.90468086953457,85.75010589489868,97.46,1.4333333333333333,0.0,1.1066666666666667
30,250,KMeans,241.29333333333332,638.24,44820.89333333333,13693.181466666667,4153.618226666667,4268.81504,1105.6698466666667,3170.7159866666666,1268.1516266666667,3.3066666666666666,22.493333333333332,54390.16,384.3923384,275.50996906666666,56.32948993333333,16.707471679999998,239.9279128,216.77952009333333,0.04,0.49333333333333335,6326.2,15.650312000000001,15.424003999999998,0.2765341733333333,0.24426708,14.709028000000002,14.663985333333333,5.36,49.053333333333335,839904.6266666667,2668.2779293333333,2490.9543504000003,78.58782153333334,26.90640137333333,2500.494756,2435.339127333333,2.645415836141365,185.8148968024687,8.072485458668098,39.99533218203208,5.434057720057719,9935.131930508089,5.800960284459531,75.02506351006883,12.333333333333334,158155.0,1.5316799733232365,99.71111611556164,7.78973310011139,128875.6817813114,0.934704512349175,94.06322748356365,96.51733333333334,1.3226666666666667,0.016000000000000004,2.144
30,250,Random,243.01333333333332,5094.573333333334,373147.5466666667,38546.5944,20260.768666666667,28793.760666666665,14722.621066666668,3278.1342,2023.2467066666666,4.386666666666667,92.30666666666667,21493.946666666667,735.6012337333334,421.94061626666667,476.3781698666666,242.43839559999998,143.07869159999998,117.38990432000001,0.013333333333333334,0.22666666666666666,1237.08,7.971745333333334,4.730714666666667,3.4852653333333334,0.6378786666666666,4.221394666666667,4.093197333333333,2.5866666666666664,63.50666666666667,312478.56,1365.3915853333333,1175.2103866666666,291.0197933333333,151.19253293333333,1031.4613706666667,1007.3428246666666,20.959568861556427,1535.158704903052,38.173467599051754,61.709348251799156,20.426138706494744,3945.2118217300413,32.86943091693738,77.27402768290848,17.0,92781.0,8.001744160082719,96.96315214624171,23.935138834595353,105397.2303263162,11.062778308824006,94.60181862015125,97.20533333333333,1.7546666666666666,0.005333333333333334,1.0346666666666666
30,300,KMeans,291.1333333333333,780.8266666666667,54727.52,16568.095999999998,5013.452333333334,5204.754146666666,1377.4983599999998,3830.509773333333,1561.0233733333332,2.7466666666666666,18.893333333333334,46747.85333333333,301.6844264,212.40350986666667,47.933932,15.594944826666666,181.31781106666668,161.89882724,0.09333333333333334,1.08,7217.213333333333,13.333762266666666,11.8292796,0.7925387333333334,0.3415998,11.119551933333332,10.831257266666666,5.96,66.98666666666666,1054077.2933333332,2848.1375866666667,2665.1537254666664,90.64718253333334,32.397079061333336,2658.1612760000003,2601.930520186667,2.6830489964424182,188.07765116975176,8.314823809668097,40.763140787892745,5.670603118109512,13866.287538601637,6.073348720332077,72.78910625242433,11.625,78522.0625,3.6786930167688343,98.8019659148634,9.488819903762012,148082.30913785732,1.0964075621121672,89.72363206754063,97.04444444444444,0.9155555555555556,0.031111111111111114,1.9866666666666666
30,300,Random,292.24,7717.666666666667,532374.3466666667,46971.04733333333,26595.685733333332,35197.284133333334,19553.862133333332,3963.64332,2588.6316,4.64,128.08,38521.306666666664,832.5502898666666,512.0860521333333,527.8810113333334,281.8475704,180.59309253333333,157.25389965333332,0.0,0.0,0.0,0.0,0.0,0.0,0.0,0.0,0.0,3.12,103.46666666666667,409807.04,1591.8756133333334,1384.7645733333331,355.90995333333336,205.93267866666667,1184.1974666666667,1159.96488,26.408416003302197,1821.2238989906762,41.61221835617713,65.30236966507393,28.136113886113886,6019.561379361379,37.64505348426255,79.99180878739341,,,,,34.676728156791086,125517.21563621987,13.274746330857525,97.83722429467105,97.41333333333333,1.5466666666666669,0.0,1.04
35,100,KMeans,96.65333333333334,170.82666666666665,11873.92,4993.051186666667,1344.45536,1310.470936,236.91913466666665,1254.6768933333333,386.15097066666664,0.96,2.6533333333333333,992.6133333333333,68.94862613333333,28.729807733333335,16.908483733333334,2.9109318266666664,26.62016026666667,16.55598828,0.0,0.0,0.0,0.0,0.0,0.0,0.0,0.0,0.0,2.4,7.213333333333333,166570.97333333333,1358.019188,1190.1977696000001,28.73680714666667,6.802395345333333,1289.7433453333333,1171.8967757866667,1.7680478123021135,122.91646502684856,4.746791973462991,30.78138028996223,2.4867243867243864,1266.2251082251082,4.116377709113559,54.688179940582,,,,,2.5441710758377423,53542.99548500882,0.46965423098046993,81.57897865326649,96.65333333333334,0.96,0.0,2.4
35,100,Random,98.28,505.8,34902.13333333333,13548.378533333334,3102.9506,9770.76572,2108.7128666666667,1279.9059733333333,368.019856,0.6,3.1733333333333333,499.93333333333334,75.0535384,21.218630533333336,44.64407933333333,9.579317653333334,13.804457866666668,7.47633488,0.0,0.0,0.0,0.0,0.0,0.0,0.0,0.0,0.0,1.12,7.68,48517.77333333333,645.2450613333333,514.6686077333333,97.04743888,22.872201746666665,529.2414413333333,487.5739724,5.149423089925624,355.5430858398664,15.521213902577893,28.760016013651402,5.419753086419753,871.4629629629629,13.374773714126317,56.830520612249934,,,,,6.298214285714286,34323.972916666666,3.385791557668412,85.99209866358339,98.28,0.6,0.0,1.12
35,150,KMeans,143.94666666666666,321.1066666666667,22564.533333333333,7735.969493333334,2383.2099200000002,2143.0080933333334,478.98606,1883.2763466666665,691.0012733333334,2.2133333333333334,9.48,10106.546666666667,190.0983228,116.7119428,32.42382868,9.585597706666668,97.5865492,77.71550242666667,0.0,0.0,0.0,0.0,0.0,0.0,0.0,0.0,0.0,3.84,20.586666666666666,410071.14666666667,2070.892885333333,1883.8248078666666,48.73434468,15.917062626666667,1959.7666399999998,1847.6291701333334,2.2310974378956896,156.82529639283902,6.189326620282098,36.720549978507975,3.767341185945837,3220.7041477901944,5.414157792913823,67.26417122762899,,,,,4.247679152998302,79348.04066158428,0.7001872237375651,87.4660123464425,95.96444444444445,1.4755555555555555,0.0,2.56
35,150,Random,146.65333333333334,1332.0533333333333,99273.37333333334,21650.058266666667,7598.095080000001,15901.608533333336,5310.185133333333,1930.2004266666668,830.3916746666666,1.52,13.173333333333334,2218.32,211.32706386666666,80.12726466666668,132.32377286666667,39.13945510666667,38.253186533333334,26.254056293333335,0.0,0.0,0.0,0.0,0.0,0.0,0.0,0.0,0.0,1.8266666666666667,20.093333333333334,114530.29333333333,1036.5170226666667,856.4366161333332,188.31240533333334,61.297900266666666,817.5470573333333,788.8581589333332,9.081731440447141,676.5754957334132,24.496804004145897,43.01702489613906,8.377229437229436,1244.5381168831168,18.823641301967886,62.898064688693836,,,,,10.275481859410432,55842.15724206349,5.767912027307368,91.55811569484571,97.7688888888889,1.0133333333333334,0.0,1.2177777777777778
35,200,KMeans,191.96,475.96,33044.653333333335,10556.09248,3363.60772,3033.6518266666667,760.202716,2521.619146666667,997.0360640000001,1.7733333333333334,8.533333333333333,26431.173333333332,197.98609906666667,136.1167676,28.193936866666668,6.635463106666667,123.07253893333332,108.14279053333333,0.0,0.0,0.0,0.0,0.0,0.0,0.0,0.0,0.0,6.266666666666667,41.906666666666666,855652.96,3314.067425333333,3111.2448112,87.24513865333333,29.490398106666664,3122.6661453333336,3046.7111931199997,2.4792006003438813,172.12316387471765,7.198361964625219,39.537361751619734,4.509669582118562,13888.74339164237,4.757294190525699,72.55686131517152,,,,,5.728867746233685,116229.62121198756,0.8303741862777114,94.24301063542995,95.98,0.8866666666666667,0.0,3.1333333333333333
35,200,Random,195.68,2703.36,204038.69333333333,30050.9192,13408.461066666667,22291.519066666664,9572.823293333333,2598.41428,1389.30864,2.0,26.786666666666665,7185.4,313.41664373333333,162.12955666666667,194.12658279733333,83.73710973333333,65.244698,52.95753745333334,0.0,0.0,0.0,0.0,0.0,0.0,0.0,0.0,0.0,2.32,37.2,198154.76,1285.1115133333335,1083.303704,247.91615333333334,103.70235013333334,998.621916,967.9508093333334,13.815761093126035,1042.6780540514926,31.840435757151717,53.465407047781596,13.734636118598383,3522.975022461815,27.891614374819152,74.30040090260978,,,,,16.198460798460797,77284.02003126503,8.844181328607242,95.25496997369041,97.84,1.0,0.0,1.16
35,250,KMeans,240.42666666666668,618.2266666666667,43465.666666666664,13320.379333333332,4250.543906666667,3857.347,1035.7139133333333,3159.0696666666668,1283.4618533333332,2.8933333333333335,15.133333333333333,24649.426666666666,271.98602999999997,170.8983292,48.371515933333335,13.202934866666666,148.16158439999998,123.79593165333334,0.013333333333333334,0.08,1794.9866666666667,6.393266666666666,6.393266666666666,0.04026664,0.04026664,6.116352,6.116352,6.666666666666667,53.10666666666667,1008844.36,3435.6471226666667,3198.7753609333336,98.26590861333332,32.76346598666667,3227.4357999999997,3133.9476004,2.5721293395399565,180.91161309416074,7.773963281388178,40.64366950234079,5.079654538583109,11685.556765787123,5.136969997175672,71.87163427969959,6.0,134624.0,0.6298288824700988,100.0,6.8928994593524715,124514.13837705394,0.896474402234416,93.46974311958796,96.17066666666666,1.1573333333333333,0.005333333333333334,2.6666666666666665
35,250,Random,243.41333333333333,4668.76,347437.94666666666,38184.140666666666,19944.219066666665,28451.5628,14463.6144,3261.0061333333333,1979.6620666666668,3.466666666666667,65.88,18636.746666666666,602.2141602666667,341.99694999999997,374.86072786666665,179.92367693333333,134.93021653333335,112.34440937333333,0.0,0.0,0.0,0.0,0.0,0.0,0.0,0.0,0.0,3.12,69.18666666666667,313750.32,1687.8518453333334,1449.2375493333334,336.77193653333336,166.38885399999998,1298.6188626666665,1264.2994985333332,19.18109524105605,1426.6793928020686,37.85018206745644,60.70046994603962,19.228125401934925,4706.307035601083,31.802061629839653,76.74283902606564,,,,,22.166528569469747,88417.46473918238,9.78675846897635,95.67940688665031,97.36533333333333,1.3866666666666667,0.0,1.248
35,300,KMeans,288.53333333333336,767.7733333333333,54193.09333333333,16012.252133333332,5166.42904,4672.946093333333,1304.04792,3789.5893733333332,1580.47468,4.08,26.946666666666665,68121.90666666666,451.19524586666665,314.7206397333333,64.76848433333333,19.581862493333336,280.8018729333333,247.56121689333332,0.0,0.0,0.0,0.0,0.0,0.0,0.0,0.0,0.0,7.386666666666667,71.82666666666667,1210169.9466666668,3647.7701493333334,3423.095603333333,101.62641253333334,38.438921986666664,3424.6661506666665,3344.5556395999997,2.661418145292162,188.05400089222042,8.144244465058266,41.69656196952146,6.062229117287941,17822.34839872872,4.923736458984628,72.31384148652194,,,,,7.968560051382227,129253.29550158122,0.9626303151283399,90.06846991580511,96.17777777777778,1.36,0.0,2.462222222222222
35,300,Random,292.70666666666665,7220.493333333333,507326.7866666667,46222.02973333334,26307.772533333333,34473.12986666666,19262.620666666666,3942.723773333333,2573.4444000000003,4.08,98.68,26097.293333333335,685.7051536,427.7803232,424.12751586666667,231.08962073333333,154.06253186666666,133.69785294666667,0.02666666666666667,1.2533333333333334,3232.0933333333332,15.385881333333334,13.248981333333333,4.921669333333333,3.233149333333333,10.070426666666666,9.902251999999999,3.1866666666666665,89.58666666666667,388342.08,1673.8326000000002,1440.1343333333332,362.00714,193.08100000000002,1258.2905333333333,1226.2696,24.672517814721985,1733.5555331424405,41.64978131983034,65.27860565056444,23.209508155480023,5207.119472369536,34.406566453379575,77.77758915472943,47.0,121203.5,20.95682379177223,98.33902866287225,27.477621518157953,114375.4885455469,11.691866958759256,97.35171220526884,97.56888888888889,1.36,0.00888888888888889,1.0622222222222222
40,100,KMeans,96.81333333333333,153.18666666666667,10718.6,4880.32652,1336.7215813333335,1171.2411186666666,211.69832666666667,1251.1988666666666,376.4451253333333,0.84,2.4266666666666667,2299.04,65.0491744,36.80197285333334,11.274785226666665,2.432265157333333,32.139177600000004,24.567451079999998,0.0,0.0,0.0,0.0,0.0,0.0,0.0,0.0,0.0,2.3466666666666667,7.04,155294.30666666667,1325.6879306666667,1132.71397,25.123949124,6.822663221333333,1261.953108,1112.2797114666666,1.5812460436254625,110.71834119595434,4.3366661736152965,30.071417250974562,2.429569892473118,1957.8284946236558,4.295139525984576,64.49258457828171,,,,,2.368553791887125,45815.335449735445,0.44379236441918124,68.68333137589923,96.81333333333333,0.84,0.0,2.3466666666666667
40,100,Random,98.48,454.6,30776.466666666667,13211.3008,2805.4180266666667,9436.122133333334,1925.3395333333333,1279.9619466666666,321.06887466666666,0.44,2.36,456.41333333333336,59.876765066666664,17.820929999999997,36.497343066666666,7.47795912,11.550711333333334,7.339643986666666,0.013333333333333334,0.08,581.4,7.966406666666667,6.096896,1.815364,0.2901374666666667,5.931388,5.806922666666667,1.0666666666666667,4.8933333333333335,38791.24,620.0520146666667,508.89069293333336,76.5757608,13.140957397333333,525.6865066666667,493.02717466666667,4.613984243772841,312.42065997456945,14.528744394477684,25.074436822462275,5.153846153846154,1100.628205128205,12.624060495117847,55.57773426228542,6.0,43605.0,3.6420117476637315,97.90158166464016,4.2279569892473114,31374.93064516129,1.9344752619219547,89.23275420930234,98.48,0.44,0.013333333333333334,1.0666666666666667
40,150,KMeans,144.88,302.2,20719.72,7606.251546666667,2372.8071600000003,1966.2339333333334,451.07696933333335,1890.52976,681.7823266666667,1.6933333333333334,5.906666666666666,3137.6266666666666,126.6285828,67.75024422666667,23.568511066666666,7.6976045866666665,58.63641786666667,40.48169502666667,0.013333333333333334,0.06666666666666667,1604.44,6.904304000000001,6.743474666666667,0.12186692,0.08159993333333333,6.604084,6.537188,3.4133333333333336,12.4,276617.18666666665,1910.0489986666669,1696.7638534666667,30.994069662666668,10.651461302666666,1822.8386159999998,1662.709358,2.0859543197907175,143.11799562255942,5.9296048203532346,36.08146113597541,3.1156343656343655,1618.8399877899878,6.248722936706935,63.43110410359702,5.0,120333.0,1.1818705163233447,98.9870510429607,3.059856955909588,58400.43209097404,0.49065558137546667,81.0087339767825,96.58666666666667,1.128888888888889,0.00888888888888889,2.275555555555556
40,150,Random,147.24,1257.6266666666668,95676.09333333334,21355.848533333334,7189.3607600000005,15599.141999999998,5061.73428,1930.7091066666665,783.7282746666667,1.28,10.32,5287.4,205.83098893333334,92.53707666666666,112.18999226666666,31.739054186666667,59.70082306666666,48.86756473333333,0.0,0.0,0.0,0.0,0.0,0.0,0.0,0.0,0.0,1.48,14.666666666666666,80890.88,845.9773066666667,692.3092933333334,148.29363919999997,42.11198206666666,673.1220666666667,644.5269725333334,8.541227184920057,649.6847003497735,23.669717989057816,40.589360981393035,7.442592592592593,2237.2603703703708,16.4368148982789,64.07119803023738,,,,,9.257905982905983,49678.4061965812,4.641209287109527,93.48232434581267,98.16,0.8533333333333334,0.0,0.9866666666666667
40,200,KMeans,191.82666666666665,452.2133333333333,31348.333333333332,10301.627866666666,3387.411093333333,2761.2035333333333,703.4716733333333,2514.1344666666664,988.9052373333334,2.5866666666666664,11.973333333333333,13382.653333333334,215.90326413333332,130.74069226666666,40.27566014666667,11.028261933333333,107.74069093333333,87.44151000000001,0.0,0.0,0.0,0.0,0.0,0.0,0.0,0.0,0.0,5.586666666666667,30.69333333333333,627973.8133333334,3007.107,2817.6755522666667,68.12625538666667,22.70426782666667,2846.2177493333334,2762.1324712,2.357566210335087,163.40876381689918,6.82592310353075,39.329012033198616,4.134976787917965,6028.226377326378,4.950114259608481,69.21583003764364,,,,,4.533839439335451,85435.57753167128,0.6965496932831082,94.14515846589225,95.91333333333333,1.2933333333333332,0.0,2.7933333333333334
40,200,Random,195.14666666666668,2517.7066666666665,189705.61333333334,29447.579333333335,13101.478133333334,21718.21253333333,9347.340626666666,2580.73344,1355.0441066666667,1.8,24.333333333333332,4830.026666666667,262.9667444,136.3097428,158.13417413333335,71.57348786666667,55.87707053333333,41.22276776,0.0,0.0,0.0,0.0,0.0,0.0,0.0,0.0,0.0,3.0533333333333332,45.733333333333334,226482.26666666666,1708.6532626666667,1439.8115521333334,304.1273065333333,117.26467773333333,1353.520212,1308.8380768,12.902091995168337,972.2428915889207,31.708609602461323,52.49965767922244,13.923160173160174,3135.7060173160176,27.918372715233605,70.28751701633776,,,,,14.94180384673806,72050.46275394926,6.832447539547599,95.045676897131,97.57333333333334,0.9,0.0,1.5266666666666666
40,250,KMeans,239.74666666666667,602.96,41640.08,13028.316266666667,4368.85956,3556.8374400000002,971.3413293333334,3145.71524,1288.73136,3.04,15.88,29604.573333333334,303.5316868,199.62020986666664,48.26776232,12.966130037333334,174.21036560000002,149.01054372000002,0.013333333333333334,0.08,1793.24,6.398597333333333,6.373277333333333,0.07813326666666666,0.062399946666666664,6.097962666666667,6.088368,7.2,52.82666666666667,985082.7333333333,3721.16858,3509.0476038666666,91.31315849333333,33.779995746666664,3511.135897333333,3430.735145333333,2.5151438972613795,173.7674182562391,7.454943367331719,40.9669375875467,4.66306628420599,10021.981176380808,4.847886609030139,74.5116237294892,6.0,134493.0,0.9752129008274314,99.84265783194911,6.1759849554322175,112168.27266455034,0.8776619384170503,94.46249488373033,95.89866666666666,1.216,0.005333333333333334,2.88
40,250,Random,244.08,4290.56,316519.8933333333,37590.73186666667,19216.5488,27846.208133333334,13890.100533333334,3252.2408,1925.4542000000001,3.28,58.266666666666666,16125.68,562.0833186666666,319.0638496,346.9622386666667,165.50797893333333,126.9094604,108.74394604,0.0,0.0,0.0,0.0,0.0,0.0,0.0,0.0,0.0,2.64,52.8,229969.94666666666,1441.8132253333333,1220.1246669333334,288.14313293333333,136.65716333333333,1110.1974466666666,1068.9191941333333,17.57903711445716,1296.8421618940013,36.938361640730456,59.19627933656157,17.507260920897284,4166.805791683065,30.521662639003615,77.77066972265368,,,,,19.25817254174397,79370.94926716141,9.299846339588127,90.53500042550125,97.63199999999999,1.312,0.0,1.056
40,300,KMeans,289.08,751.1866666666666,51796.88,15706.654133333333,5306.866106666666,4333.285906666666,1238.6469333333334,3791.5686800000003,1595.3442933333333,3.68,21.626666666666665,48287.54666666667,383.6222714666667,268.48017426666667,55.773168453333334,17.69386722666667,229.89539093333335,201.86696289333332,0.04,1.04,3218.9866666666667,5.06652,5.06652,0.21653319999999998,0.21653319999999998,4.153946666666666,4.153946666666666,7.2,67.18666666666667,1099879.6933333334,3579.119324,3347.0495733333332,102.55367852933334,37.75682120933333,3355.953212,3267.3576097333334,2.5988221867887895,179.1938145905671,7.885747667598857,42.077084769177894,5.578319144623492,13809.094271429056,5.33357984481517,78.24109880793044,26.0,80474.66666666667,4.273805294363784,100.0,7.374276035237574,118187.84578050372,0.9277354758986986,91.91688063232526,96.36,1.2266666666666666,0.013333333333333334,2.4
40,300,Random,292.97333333333336,6665.986666666667,478192.73333333334,46026.3848,26098.376800000002,34281.833999999995,19122.61826666667,3933.5412533333333,2523.342306666667,4.133333333333334,94.34666666666666,22196.08,685.28959,431.2304997333333,425.2264414666667,236.5807917333333,150.53038999999998,130.91793146666666,0.0,0.0,0.0,0.0,0.0,0.0,0.0,0.0,0.0,2.8933333333333335,75.53333333333333,302289.72,1543.0398639999999,1337.8619534666668,317.71869773333333,171.46951306666668,1176.6584813333334,1147.8824061333335,22.75541047408885,1632.4946264810242,41.53716800521449,64.15171067751764,22.88629360835243,5158.354939096851,36.42674606314887,81.19534883258005,,,,,25.263741857101234,90201.00139652015,11.013263487816301,92.83843161542075,97.65777777777778,1.377777777777778,0.0,0.9644444444444445
